term,canonical_media,canonical_term,term_id,parent_id,preferred_label,rank,definition,envo_id,physical_phase,physical_state,is_water_based,concert_unit_route,media_category,source,assertion_mode,confidence_tier,confidence,active
absinthe,absinthe,absinthe,FOODON:00003229,FOODON:00001817,absinthe,canonical,"A distilled, highly alcoholic beverage (45–74% ABV / 90–148 U.S. proof). It is an anise-flavoured spirit derived from botanicals, including the flowers and leaves of Artemisia absinthium (""grand wormwood""), together with green anise, sweet fennel, and other medicinal and culinary herbs.",__ENVHARMONIZER_MISSING__,liquid,liquid,TRUE,aqueous,aqueous,amosharmonizer,auto,high,high,TRUE
acetone,acetone,acetone,AMH:0000008,AMH:0000006,acetone,canonical,Acetone used as an analytical matrix or vehicle.,__ENVHARMONIZER_MISSING__,liquid,liquid,FALSE,__ENVHARMONIZER_MISSING__,__ENVHARMONIZER_MISSING__,amosharmonizer,auto,high,high,TRUE
aerosol,aerosol,aerosol,AMH:0000025,ENVO:00010483,aerosol,canonical,An aerosol analyzed through a gas-route compatibility workflow.,__ENVHARMONIZER_MISSING__,gas,gas,FALSE,air,air,amosharmonizer,auto,high,high,TRUE
air,air,air,ENVO:00002005,ENVO:01000797,air,canonical,"The mixture of gases (roughly (by molar content/volume: 78% nitrogen, 20.95% oxygen, 0.93% argon, 0.038% carbon dioxide, trace amounts of other gases, and a variable amount (average around 1%) of water vapor) that surrounds the planet Earth.",ENVO:00002005,gas,gas,FALSE,air,air,amosharmonizer,auto,high,high,TRUE
ambient air,ambient air,ambient air,ENVO:00002005,ENVO:01000797,air,canonical,"The mixture of gases (roughly (by molar content/volume: 78% nitrogen, 20.95% oxygen, 0.93% argon, 0.038% carbon dioxide, trace amounts of other gases, and a variable amount (average around 1%) of water vapor) that surrounds the planet Earth.",ENVO:00002005,gas,gas,FALSE,air,air,amosharmonizer,auto,high,high,TRUE
animal feed,feed,feed,AMH:0000032,ENVO:00010483,food,alias,Food or feed material used as an analytical matrix.,__ENVHARMONIZER_MISSING__,solid,solid,FALSE,solid,solid,amosharmonizer,auto,high,high,TRUE
animal tissue,tissue,tissue,AMH:0000031,AMH:0000050,tissue,alias,Animal or plant tissue used as an analytical matrix.,__ENVHARMONIZER_MISSING__,solid,solid,FALSE,solid,solid,amosharmonizer,auto,high,high,TRUE
animal tissues,tissue,tissue,AMH:0000031,AMH:0000050,tissue,alias,Animal or plant tissue used as an analytical matrix.,__ENVHARMONIZER_MISSING__,solid,solid,FALSE,solid,solid,amosharmonizer,auto,high,high,TRUE
apples,apple,apple,FOODON:00002473,FOODON:03310788,apple,alias,A pome fruit of an apple tree (Malus domestica).,__ENVHARMONIZER_MISSING__,solid,solid,FALSE,solid,solid,amosharmonizer,auto,high,high,TRUE
aqueous,aqueous,aqueous,ENVO:00002006,ENVO:01000815,liquid water,canonical,An environmental material primarily composed of dihydrogen oxide in its liquid form.,ENVO:00002006,liquid,liquid,TRUE,aqueous,aqueous,amosharmonizer,auto,high,high,TRUE
atmospheric,air,air,ENVO:00002005,ENVO:01000797,air,alias,"The mixture of gases (roughly (by molar content/volume: 78% nitrogen, 20.95% oxygen, 0.93% argon, 0.038% carbon dioxide, trace amounts of other gases, and a variable amount (average around 1%) of water vapor) that surrounds the planet Earth.",ENVO:00002005,gas,gas,FALSE,air,air,amosharmonizer,auto,high,high,TRUE
avocados,avocado,avocado,FOODON:00003600,FOODON:00001625,avocado,alias,A berry fruit of an avocado plant (Persea americana),__ENVHARMONIZER_MISSING__,solid,solid,FALSE,solid,solid,amosharmonizer,auto,high,high,TRUE
baby food,baby food,baby food,FOODON:03317423,FOODON:00002147,food for infants or young children,canonical,__ENVHARMONIZER_MISSING__,__ENVHARMONIZER_MISSING__,solid,solid,FALSE,solid,solid,amosharmonizer,auto,high,high,TRUE
barley,barley,barley,FOODON:00003108,FOODON:00003394,barley seed (raw),canonical,"Barley is a cultivated grain used as animal fodder, as a source of fermentable material for beer and certain distilled beverages, and as a component of various health foods. It is used in soups and stews, and in barley bread of various cultures. Barley grains are commonly made into malt in a traditional and ancient method of preparation.",__ENVHARMONIZER_MISSING__,solid,solid,FALSE,solid,solid,amosharmonizer,auto,high,high,TRUE
bee pollen,bee pollen,bee pollen,FOODON:03301424,FOODON:00001218,bee pollen,canonical,__ENVHARMONIZER_MISSING__,__ENVHARMONIZER_MISSING__,solid,solid,FALSE,solid,solid,amosharmonizer,auto,high,high,TRUE
beer,beer,beer,FOODON:00001260,FOODON:00001102,beer beverage,canonical,"Beer is a fermented cereal beverage resulting from the fermentation most commonly of malted barley (though wheat, corn, or rice may included), by a yeast, most commonly Saccharomyces cerevisiae, and flavored by dried flowers of hops, Humulus lupulus.",__ENVHARMONIZER_MISSING__,liquid,liquid,TRUE,aqueous,aqueous,amosharmonizer,auto,high,high,TRUE
beeswax,beeswax,beeswax,FOODON:03302072,FOODON:00001177,beeswax,canonical,__ENVHARMONIZER_MISSING__,__ENVHARMONIZER_MISSING__,solid,solid,FALSE,solid,solid,amosharmonizer,auto,high,high,TRUE
biodiesel,fuel,fuel,AMH:0000038,AMH:0000006,fuel,alias,A refined petroleum or biofuel liquid used as an analytical matrix.,__ENVHARMONIZER_MISSING__,liquid,liquid,FALSE,__ENVHARMONIZER_MISSING__,__ENVHARMONIZER_MISSING__,amosharmonizer,auto,high,high,TRUE
biological fluid,biological fluid,biological fluid,AMH:0000028,ENVO:02000020,biological fluid,canonical,A water-based fluid derived from an organism and used as an analytical matrix.,ENVO:02000020,liquid,liquid,TRUE,aqueous,aqueous,amosharmonizer,auto,high,high,TRUE
biosolids,sludge,sludge,ENVO:00002044,ENVO:0010001,sludge,alias,"The residual semi-solid material left from domestic or industrial processes, or wastewater treatment processes.",ENVO:00002044,solid,solid,FALSE,solid,solid,amosharmonizer,auto,high,high,TRUE
biota,biota,biota,ENVO:06105012,AMH:0000050,biota,canonical,"A collection of organisms which inhabits the same region, ecosystem, or time period.",ENVO:06105012,solid,solid,FALSE,solid,solid,amosharmonizer,auto,high,high,TRUE
black pepper,black pepper,black pepper,FOODON:03000242,FOODON:00001650,black pepper (whole or pieces),canonical,A whole black pepper or some substance made from processed black pepper.,__ENVHARMONIZER_MISSING__,solid,solid,FALSE,solid,solid,amosharmonizer,auto,high,high,TRUE
black tea,tea,tea,FOODON:03315081,FOODON:00001138,tea food product,alias,"An aromatic beverage commonly prepared by pouring hot or boiling water over cured leaves of the Camellia sinensis, an evergreen shrub (bush) native to East Asia.",__ENVHARMONIZER_MISSING__,solid,solid,FALSE,solid,solid,amosharmonizer,auto,high,high,TRUE
blood,blood,blood,ENVO:02000020,ENVO:02000019,blood material,canonical,"A bodily fluid material which is composed primarily of blood, a bodily fluid composed of blood plasma and blood cells suspended within the plasma that circulates around the organism's body. Blood performs may important functions including the supplying of oxygen and nutrients, removal of waste, circulation of white blood cells, detection of antibodes, coagulation, transportation of antibodies and the regulation of pH and body temperature.",ENVO:02000020,liquid,liquid,TRUE,aqueous,aqueous,amosharmonizer,auto,high,high,TRUE
bodily fluids,biological fluid,biological fluid,AMH:0000028,ENVO:02000020,biological fluid,alias,A water-based fluid derived from an organism and used as an analytical matrix.,ENVO:02000020,liquid,liquid,TRUE,aqueous,aqueous,amosharmonizer,auto,high,high,TRUE
brain,brain,brain,AMH:0000040,AMH:0000031,brain,canonical,Brain tissue used as an analytical matrix.,__ENVHARMONIZER_MISSING__,solid,solid,FALSE,solid,solid,amosharmonizer,auto,high,high,TRUE
bread,bread,bread,FOODON:03000288,FOODON:00001183,bread,canonical,"A food prepared from a dough of flour and water, usually by baking.",__ENVHARMONIZER_MISSING__,solid,solid,FALSE,solid,solid,amosharmonizer,auto,high,high,TRUE
breath,vapor,vapor,AMH:0000024,ENVO:00010483,vapor,alias,A gas-phase analytical matrix reported as vapor.,__ENVHARMONIZER_MISSING__,gas,gas,FALSE,air,air,amosharmonizer,auto,high,high,TRUE
broccoli,broccoli,broccoli,FOODON:00003405,FOODON:00001666,broccoli floret,canonical,A raceme inflorescence of a broccoli plant(Brassica oleracea var. italica).,__ENVHARMONIZER_MISSING__,solid,solid,FALSE,solid,solid,amosharmonizer,auto,high,high,TRUE
brown rice,rice,rice,FOODON:00004327,FOODON:03301641,rice,alias,An aggregate of rice kernels.,__ENVHARMONIZER_MISSING__,solid,solid,FALSE,solid,solid,amosharmonizer,auto,high,high,TRUE
buckwheat flour,buckwheat flour,buckwheat flour,FOODON:03309980,FOODON:03305367,buckwheat flour,canonical,__ENVHARMONIZER_MISSING__,__ENVHARMONIZER_MISSING__,solid,solid,FALSE,solid,solid,amosharmonizer,auto,high,high,TRUE
butter,butter,butter,FOODON:03310351,FOODON:00001772,butter,canonical,__ENVHARMONIZER_MISSING__,__ENVHARMONIZER_MISSING__,solid,solid,FALSE,solid,solid,amosharmonizer,auto,high,high,TRUE
cabbage,cabbage,cabbage,FOODON:00003406,FOODON:00001677,cabbage head,canonical,A rosette of a cabbage plant (Brassica oleracea var. capitata).,__ENVHARMONIZER_MISSING__,solid,solid,FALSE,solid,solid,amosharmonizer,auto,high,high,TRUE
candy,candy,candy,FOODON:03301051,FOODON:00001214,candy,canonical,__ENVHARMONIZER_MISSING__,__ENVHARMONIZER_MISSING__,solid,solid,FALSE,solid,solid,amosharmonizer,auto,high,high,TRUE
cannabis,cannabis,cannabis,AMH:0000043,ENVO:00010483,cannabis,canonical,Cannabis plant material used as an analytical matrix.,__ENVHARMONIZER_MISSING__,solid,solid,FALSE,solid,solid,amosharmonizer,auto,high,high,TRUE
cannabis flower,cannabis,cannabis,AMH:0000043,ENVO:00010483,cannabis,alias,Cannabis plant material used as an analytical matrix.,__ENVHARMONIZER_MISSING__,solid,solid,FALSE,solid,solid,amosharmonizer,auto,high,high,TRUE
canola oil,canola oil,canola oil,FOODON:03302578,FOODON:00002139,canola oil,canonical,__ENVHARMONIZER_MISSING__,__ENVHARMONIZER_MISSING__,liquid,liquid,FALSE,__ENVHARMONIZER_MISSING__,__ENVHARMONIZER_MISSING__,amosharmonizer,auto,high,high,TRUE
caraway,caraway,caraway,FOODON:00003022,FOODON:03303380,caraway food product,canonical,__ENVHARMONIZER_MISSING__,__ENVHARMONIZER_MISSING__,solid,solid,FALSE,solid,solid,amosharmonizer,auto,high,high,TRUE
carbonated beverage,soft drink,soft drink,FOODON:03310815,FOODON:00002339,soft drink,alias,__ENVHARMONIZER_MISSING__,__ENVHARMONIZER_MISSING__,liquid,liquid,TRUE,aqueous,aqueous,amosharmonizer,auto,high,high,TRUE
carrots,carrot,carrot,FOODON:00003408,FOODON:00001687,carrot root,alias,A primary root of a carrot plant (Daucus carota).,__ENVHARMONIZER_MISSING__,solid,solid,FALSE,solid,solid,amosharmonizer,auto,high,high,TRUE
cayenne pepper,cayenne pepper,cayenne pepper,FOODON:00003798,FOODON:00001955,cayenne pepper,canonical,A berry fruit of a cayenne pepper plant cultivar.,__ENVHARMONIZER_MISSING__,solid,solid,FALSE,solid,solid,amosharmonizer,auto,high,high,TRUE
cereals,cereal grain,cereal grain,FOODON:03301941,FOODON:00001093,cereal grain,alias,__ENVHARMONIZER_MISSING__,__ENVHARMONIZER_MISSING__,solid,solid,FALSE,solid,solid,amosharmonizer,auto,high,high,TRUE
cerebrospinal fluid,biological fluid,biological fluid,AMH:0000028,ENVO:02000020,biological fluid,alias,A water-based fluid derived from an organism and used as an analytical matrix.,ENVO:02000020,liquid,liquid,TRUE,aqueous,aqueous,amosharmonizer,auto,high,high,TRUE
cheese,cheese,cheese,FOODON:03000287,FOODON:00001013,cheese,canonical,A dairy product that is formed by coagulation of the milk protein casein.,__ENVHARMONIZER_MISSING__,solid,solid,FALSE,solid,solid,amosharmonizer,auto,high,high,TRUE
chicken fat,chicken fat,chicken fat,FOODON:03305091,FOODON:02020171,chicken fat,canonical,Fat derived from a chicken.,__ENVHARMONIZER_MISSING__,solid,solid,FALSE,solid,solid,amosharmonizer,auto,high,high,TRUE
chickpea,chickpea,chickpea,FOODON:03306811,FOODON:00001199,chickpea,canonical,A seed of a chickpea plant (Cicer arietinum).,__ENVHARMONIZER_MISSING__,solid,solid,FALSE,solid,solid,amosharmonizer,auto,high,high,TRUE
chili,chili,chili,FOODON:00003744,FOODON:00001956,chili pepper,canonical,A berry fruit of a chili pepper plant.,__ENVHARMONIZER_MISSING__,solid,solid,FALSE,solid,solid,amosharmonizer,auto,high,high,TRUE
chives,chives,chives,FOODON:03311167,FOODON:00003788,chive leaf (raw),canonical,A raw chive leaf,__ENVHARMONIZER_MISSING__,solid,solid,FALSE,solid,solid,amosharmonizer,auto,high,high,TRUE
chocolate,chocolate,chocolate,FOODON:03307240,FOODON:00001280,chocolate,canonical,__ENVHARMONIZER_MISSING__,__ENVHARMONIZER_MISSING__,solid,solid,FALSE,solid,solid,amosharmonizer,auto,high,high,TRUE
clean air,clean air,clean air,AMH:0000023,ENVO:00002005,clean air,canonical,Air described as clean or contaminant-free by the source method.,ENVO:00002005,gas,gas,FALSE,air,air,amosharmonizer,auto,high,high,TRUE
coffee,coffee,coffee,FOODON:03301036,FOODON:00001244,coffee (liquid drink),canonical,__ENVHARMONIZER_MISSING__,__ENVHARMONIZER_MISSING__,liquid,liquid,TRUE,aqueous,aqueous,amosharmonizer,auto,high,high,TRUE
coriander,coriander,coriander,FOODON:03310370,FOODON:00001763,coriander,canonical,__ENVHARMONIZER_MISSING__,__ENVHARMONIZER_MISSING__,solid,solid,FALSE,solid,solid,amosharmonizer,auto,high,high,TRUE
corn,corn,corn,FOODON:00003562,FOODON:00001849,field corn kernel,canonical,A seed of a field corn plant (Zea mays).,__ENVHARMONIZER_MISSING__,solid,solid,FALSE,solid,solid,amosharmonizer,auto,high,high,TRUE
corn oil,corn oil,corn oil,AMH:0000011,AMH:0000006,corn oil,canonical,Corn oil used as an analytical matrix or vehicle.,__ENVHARMONIZER_MISSING__,liquid,liquid,FALSE,__ENVHARMONIZER_MISSING__,__ENVHARMONIZER_MISSING__,amosharmonizer,auto,high,high,TRUE
corn syrup,corn syrup,corn syrup,FOODON:03301061,FOODON:00001848,corn syrup,canonical,__ENVHARMONIZER_MISSING__,__ENVHARMONIZER_MISSING__,solid,solid,FALSE,solid,solid,amosharmonizer,auto,high,high,TRUE
couscous,couscous,couscous,FOODON:00005532,FOODON:00001823,couscous,canonical,"A dish made from durum wheat semolina, which is moistened and rolled into small granules, then steamed or boiled.",__ENVHARMONIZER_MISSING__,solid,solid,FALSE,solid,solid,amosharmonizer,auto,high,high,TRUE
crops,food,food,AMH:0000032,ENVO:00010483,food,alias,Food or feed material used as an analytical matrix.,__ENVHARMONIZER_MISSING__,solid,solid,FALSE,solid,solid,amosharmonizer,auto,high,high,TRUE
crude oil,oil,oil,AMH:0000030,AMH:0000006,oil,alias,An oil reported without enough evidence for a more specific material term.,__ENVHARMONIZER_MISSING__,liquid,liquid,FALSE,__ENVHARMONIZER_MISSING__,__ENVHARMONIZER_MISSING__,amosharmonizer,auto,high,high,TRUE
cucumbers,cucumber,cucumber,FOODON:00003415,FOODON:00001795,cucumber,alias,A pepo fruit of a cucumber plant (Cucumis sativus).,__ENVHARMONIZER_MISSING__,solid,solid,FALSE,solid,solid,amosharmonizer,auto,high,high,TRUE
curry paste,curry paste,curry paste,FOODON:03302920,FOODON:00002268,curry paste,canonical,__ENVHARMONIZER_MISSING__,__ENVHARMONIZER_MISSING__,solid,solid,FALSE,solid,solid,amosharmonizer,auto,high,high,TRUE
custard,custard,custard,FOODON:03302946,FOODON:00001281,custard,canonical,__ENVHARMONIZER_MISSING__,__ENVHARMONIZER_MISSING__,solid,solid,FALSE,solid,solid,amosharmonizer,auto,high,high,TRUE
deionised water,deionized water,deionized water,AMH:0000018,ENVO:00002006,deionized water,alias,Water from which ions have been removed.,ENVO:00002006,liquid,liquid,TRUE,aqueous,aqueous,amosharmonizer,auto,high,high,TRUE
deionized water,deionized water,deionized water,AMH:0000018,ENVO:00002006,deionized water,canonical,Water from which ions have been removed.,ENVO:00002006,liquid,liquid,TRUE,aqueous,aqueous,amosharmonizer,auto,high,high,TRUE
diesel,fuel,fuel,AMH:0000038,AMH:0000006,fuel,alias,A refined petroleum or biofuel liquid used as an analytical matrix.,__ENVHARMONIZER_MISSING__,liquid,liquid,FALSE,__ENVHARMONIZER_MISSING__,__ENVHARMONIZER_MISSING__,amosharmonizer,auto,high,high,TRUE
diet,diet,diet,AMH:0000032,ENVO:00010483,food,canonical,Food or feed material used as an analytical matrix.,__ENVHARMONIZER_MISSING__,solid,solid,FALSE,solid,solid,amosharmonizer,auto,high,high,TRUE
diet soft drinks,soft drink,soft drink,FOODON:03310815,FOODON:00002339,soft drink,alias,__ENVHARMONIZER_MISSING__,__ENVHARMONIZER_MISSING__,liquid,liquid,TRUE,aqueous,aqueous,amosharmonizer,auto,high,high,TRUE
dill,dill,dill,FOODON:00001811,FOODON:00003042,dill food product,canonical,__ENVHARMONIZER_MISSING__,__ENVHARMONIZER_MISSING__,solid,solid,FALSE,solid,solid,amosharmonizer,auto,high,high,TRUE
dimethyl sulfoxide,dmso,dmso,AMH:0000007,AMH:0000006,dmso,alias,Dimethyl sulfoxide used as an analytical matrix or vehicle.,__ENVHARMONIZER_MISSING__,liquid,liquid,FALSE,__ENVHARMONIZER_MISSING__,__ENVHARMONIZER_MISSING__,amosharmonizer,auto,high,high,TRUE
distilled water,distilled water,distilled water,AMH:0000017,ENVO:00002006,distilled water,canonical,Water purified by distillation.,ENVO:00002006,liquid,liquid,TRUE,aqueous,aqueous,amosharmonizer,auto,high,high,TRUE
dmso,dmso,dmso,AMH:0000007,AMH:0000006,dmso,canonical,Dimethyl sulfoxide used as an analytical matrix or vehicle.,__ENVHARMONIZER_MISSING__,liquid,liquid,FALSE,__ENVHARMONIZER_MISSING__,__ENVHARMONIZER_MISSING__,amosharmonizer,auto,high,high,TRUE
drinking water,drinking water,drinking water,ENVO:00003064,ENVO:00002011,drinking water,canonical,Drinking water is water which may be consumed by humans with no adverse effects on their health.,ENVO:00003064,liquid,liquid,TRUE,aqueous,aqueous,amosharmonizer,auto,high,high,TRUE
durum wheat,durum wheat,durum wheat,FOODON:00003416,FOODON:00001825,durum wheat kernel,canonical,A caryopsis fruit of a durum wheat plant (Triticum turgidum subsp. durum).,__ENVHARMONIZER_MISSING__,solid,solid,FALSE,solid,solid,amosharmonizer,auto,high,high,TRUE
dust,dust,dust,ENVO:00002008,ENVO:01000060,dust,canonical,Particulate environmental material with diameters less than 500 micrometers.,ENVO:00002008,solid,solid,FALSE,solid,solid,amosharmonizer,auto,high,high,TRUE
edible oil,oil,oil,AMH:0000030,AMH:0000006,oil,alias,An oil reported without enough evidence for a more specific material term.,__ENVHARMONIZER_MISSING__,liquid,liquid,FALSE,__ENVHARMONIZER_MISSING__,__ENVHARMONIZER_MISSING__,amosharmonizer,auto,high,high,TRUE
edible oils,oil,oil,AMH:0000030,AMH:0000006,oil,alias,An oil reported without enough evidence for a more specific material term.,__ENVHARMONIZER_MISSING__,liquid,liquid,FALSE,__ENVHARMONIZER_MISSING__,__ENVHARMONIZER_MISSING__,amosharmonizer,auto,high,high,TRUE
effluent,effluent,effluent,ENVO:00002001,ENVO:00002186,waste water,canonical,Water that has been adversely affected in quality by anthropogenic influence.,ENVO:00002001,liquid,liquid,TRUE,aqueous,aqueous,amosharmonizer,auto,high,high,TRUE
egg,eggs,eggs,FOODON:02020152,AMH:0000032,chicken egg (raw),alias,A raw chicken egg.,__ENVHARMONIZER_MISSING__,solid,solid,FALSE,solid,solid,amosharmonizer,auto,high,high,TRUE
eggs,eggs,eggs,FOODON:02020152,AMH:0000032,chicken egg (raw),canonical,A raw chicken egg.,__ENVHARMONIZER_MISSING__,solid,solid,FALSE,solid,solid,amosharmonizer,auto,high,high,TRUE
emulsion,emulsion,emulsion,AMH:0000016,AMH:0000006,emulsion,canonical,A liquid mixture in which droplets of one liquid are dispersed in another.,__ENVHARMONIZER_MISSING__,liquid,liquid,FALSE,__ENVHARMONIZER_MISSING__,__ENVHARMONIZER_MISSING__,amosharmonizer,auto,high,high,TRUE
essential oil,essential oil,essential oil,FOODON:03315026,FOODON:00002148,essential oil,canonical,__ENVHARMONIZER_MISSING__,__ENVHARMONIZER_MISSING__,liquid,liquid,FALSE,__ENVHARMONIZER_MISSING__,__ENVHARMONIZER_MISSING__,amosharmonizer,auto,high,high,TRUE
essential oils,essential oil,essential oil,FOODON:03315026,FOODON:00002148,essential oil,alias,__ENVHARMONIZER_MISSING__,__ENVHARMONIZER_MISSING__,liquid,liquid,FALSE,__ENVHARMONIZER_MISSING__,__ENVHARMONIZER_MISSING__,amosharmonizer,auto,high,high,TRUE
ethanol,ethanol,ethanol,AMH:0000009,AMH:0000006,ethanol,canonical,Ethanol used as an analytical matrix or vehicle.,__ENVHARMONIZER_MISSING__,liquid,liquid,FALSE,__ENVHARMONIZER_MISSING__,__ENVHARMONIZER_MISSING__,amosharmonizer,auto,high,high,TRUE
extra virgin olive oil,extra virgin olive oil,extra virgin olive oil,FOODON:00002808,FOODON:03306633,olive oil (extra-virgin),canonical,"Extra virgin olive oil is a virgin olive oil which has a free acidity, expressed as oleic acid, of not more than 0.8 grams per 100 grams.",__ENVHARMONIZER_MISSING__,liquid,liquid,FALSE,__ENVHARMONIZER_MISSING__,__ENVHARMONIZER_MISSING__,amosharmonizer,auto,high,high,TRUE
fat,adipose tissue,adipose tissue,AMH:0000039,AMH:0000031,adipose tissue,alias,Fat tissue used as an analytical matrix.,__ENVHARMONIZER_MISSING__,solid,solid,FALSE,solid,solid,amosharmonizer,auto,high,high,TRUE
fat tissue,adipose tissue,adipose tissue,AMH:0000039,AMH:0000031,adipose tissue,alias,Fat tissue used as an analytical matrix.,__ENVHARMONIZER_MISSING__,solid,solid,FALSE,solid,solid,amosharmonizer,auto,high,high,TRUE
feces,feces,feces,AMH:0000041,AMH:0000050,feces,canonical,Fecal material used as an analytical matrix.,__ENVHARMONIZER_MISSING__,solid,solid,FALSE,solid,solid,amosharmonizer,auto,high,high,TRUE
feed,feed,feed,AMH:0000032,ENVO:00010483,food,canonical,Food or feed material used as an analytical matrix.,__ENVHARMONIZER_MISSING__,solid,solid,FALSE,solid,solid,amosharmonizer,auto,high,high,TRUE
fish,biota,biota,ENVO:06105012,AMH:0000050,biota,alias,"A collection of organisms which inhabits the same region, ecosystem, or time period.",ENVO:06105012,solid,solid,FALSE,solid,solid,amosharmonizer,auto,high,high,TRUE
fish tissue,tissue,tissue,AMH:0000031,AMH:0000050,tissue,alias,Animal or plant tissue used as an analytical matrix.,__ENVHARMONIZER_MISSING__,solid,solid,FALSE,solid,solid,amosharmonizer,auto,high,high,TRUE
flour,flour,flour,FOODON:00004510,FOODON:00001056,flour,canonical,A fine powder made from cereals or other starchy food sources.,__ENVHARMONIZER_MISSING__,solid,solid,FALSE,solid,solid,amosharmonizer,auto,high,high,TRUE
food,food,food,AMH:0000032,ENVO:00010483,food,canonical,Food or feed material used as an analytical matrix.,__ENVHARMONIZER_MISSING__,solid,solid,FALSE,solid,solid,amosharmonizer,auto,high,high,TRUE
foods,food,food,AMH:0000032,ENVO:00010483,food,alias,Food or feed material used as an analytical matrix.,__ENVHARMONIZER_MISSING__,solid,solid,FALSE,solid,solid,amosharmonizer,auto,high,high,TRUE
fresh water,freshwater,freshwater,ENVO:00002011,ENVO:00002006,fresh water,alias,"Water which has a low concentration of dissolved solutes, particularly that of sodium chloride.",ENVO:00002011,liquid,liquid,TRUE,aqueous,aqueous,amosharmonizer,auto,high,high,TRUE
freshwater,freshwater,freshwater,ENVO:00002011,ENVO:00002006,fresh water,canonical,"Water which has a low concentration of dissolved solutes, particularly that of sodium chloride.",ENVO:00002011,liquid,liquid,TRUE,aqueous,aqueous,amosharmonizer,auto,high,high,TRUE
freshwater sediment,freshwater sediment,freshwater sediment,AMH:0000004,ENVO:00002007,freshwater sediment,canonical,Sediment collected from a freshwater environment.,ENVO:00002007,solid,solid,FALSE,solid,solid,amosharmonizer,auto,high,high,TRUE
fruit,fruits,fruits,FOODON:00002472,FOODON:00002457,fruit (fresh),alias,__ENVHARMONIZER_MISSING__,__ENVHARMONIZER_MISSING__,solid,solid,FALSE,solid,solid,amosharmonizer,auto,high,high,TRUE
fruits,fruits,fruits,FOODON:00002472,FOODON:00002457,fruit (fresh),canonical,__ENVHARMONIZER_MISSING__,__ENVHARMONIZER_MISSING__,solid,solid,FALSE,solid,solid,amosharmonizer,auto,high,high,TRUE
game meat,game meat,game meat,FOODON:00002956,FOODON:00002477,game meat,canonical,"Bushmeat, wildmeat, or game meat is meat from non-domesticated mammals, reptiles, amphibians and birds hunted for food in tropical forests.",__ENVHARMONIZER_MISSING__,solid,solid,FALSE,solid,solid,amosharmonizer,auto,high,high,TRUE
gasoline,gasoline,gasoline,AMH:0000014,AMH:0000006,gasoline,canonical,A petroleum-derived fuel used as an analytical matrix.,__ENVHARMONIZER_MISSING__,liquid,liquid,FALSE,__ENVHARMONIZER_MISSING__,__ENVHARMONIZER_MISSING__,amosharmonizer,auto,high,high,TRUE
ghee,ghee,ghee,FOODON:03310185,FOODON:00005495,ghee,canonical,A type of clarified butter originating from the Indian subcontinent.,__ENVHARMONIZER_MISSING__,solid,solid,FALSE,solid,solid,amosharmonizer,auto,high,high,TRUE
gin,gin,gin,FOODON:03309491,FOODON:00001918,gin,canonical,__ENVHARMONIZER_MISSING__,__ENVHARMONIZER_MISSING__,liquid,liquid,TRUE,aqueous,aqueous,amosharmonizer,auto,high,high,TRUE
ginger,ginger,ginger,FOODON:00001901,FOODON:03303380,ginger food product,canonical,__ENVHARMONIZER_MISSING__,__ENVHARMONIZER_MISSING__,solid,solid,FALSE,solid,solid,amosharmonizer,auto,high,high,TRUE
ginseng,ginseng,ginseng,FOODON:03301402,FOODON:00001905,ginseng,canonical,__ENVHARMONIZER_MISSING__,__ENVHARMONIZER_MISSING__,solid,solid,FALSE,solid,solid,amosharmonizer,auto,high,high,TRUE
grains,cereal grain,cereal grain,FOODON:03301941,FOODON:00001093,cereal grain,alias,__ENVHARMONIZER_MISSING__,__ENVHARMONIZER_MISSING__,solid,solid,FALSE,solid,solid,amosharmonizer,auto,high,high,TRUE
grape jelly,grape jelly,grape jelly,FOODON:03305954,FOODON:00001888,grape jelly,canonical,__ENVHARMONIZER_MISSING__,__ENVHARMONIZER_MISSING__,solid,solid,FALSE,solid,solid,amosharmonizer,auto,high,high,TRUE
grape juice,grape juice,grape juice,FOODON:03301127,FOODON:00001926,grape juice,canonical,A fruit juice made from grapes.,__ENVHARMONIZER_MISSING__,liquid,liquid,TRUE,aqueous,aqueous,amosharmonizer,auto,high,high,TRUE
grapes,grape,grape,FOODON:00003417,FOODON:00001170,grape,alias,A berry fruit of a grape plant.,__ENVHARMONIZER_MISSING__,solid,solid,FALSE,solid,solid,amosharmonizer,auto,high,high,TRUE
green onions,green onions,green onions,FOODON:00003697,FOODON:03302008,scallion,canonical,__ENVHARMONIZER_MISSING__,__ENVHARMONIZER_MISSING__,solid,solid,FALSE,solid,solid,amosharmonizer,auto,high,high,TRUE
green tea,tea,tea,FOODON:03315081,FOODON:00001138,tea food product,alias,"An aromatic beverage commonly prepared by pouring hot or boiling water over cured leaves of the Camellia sinensis, an evergreen shrub (bush) native to East Asia.",__ENVHARMONIZER_MISSING__,solid,solid,FALSE,solid,solid,amosharmonizer,auto,high,high,TRUE
ground water,groundwater,groundwater,ENVO:01001004,ENVO:00005792,groundwater,alias,"Underground water which is located in pore spaces found in rock or unconsolidated deposits such as soil, clay, or gravel.",ENVO:01001004,liquid,liquid,TRUE,aqueous,aqueous,amosharmonizer,auto,high,high,TRUE
groundwater,groundwater,groundwater,ENVO:01001004,ENVO:00005792,groundwater,canonical,"Underground water which is located in pore spaces found in rock or unconsolidated deposits such as soil, clay, or gravel.",ENVO:01001004,liquid,liquid,TRUE,aqueous,aqueous,amosharmonizer,auto,high,high,TRUE
guar gum,guar gum,guar gum,FOODON:03413114,FOODON:00004340,guar gum,canonical,__ENVHARMONIZER_MISSING__,__ENVHARMONIZER_MISSING__,solid,solid,FALSE,solid,solid,amosharmonizer,auto,high,high,TRUE
hazelnut,hazelnut,hazelnut,FOODON:00002933,FOODON:00002932,hazelnut,canonical,"The hazelnut is the nut of the hazel and therefore includes any of the nuts deriving from species of the genus Corylus, especially the nuts of the species Corylus avellana. It also is known as cobnut or filbert nut according to species.",__ENVHARMONIZER_MISSING__,solid,solid,FALSE,solid,solid,amosharmonizer,auto,high,high,TRUE
hemp,cannabis,cannabis,AMH:0000043,ENVO:00010483,cannabis,alias,Cannabis plant material used as an analytical matrix.,__ENVHARMONIZER_MISSING__,solid,solid,FALSE,solid,solid,amosharmonizer,auto,high,high,TRUE
herbal tea,herbal tea,herbal tea,FOODON:03311585,FOODON:03315081,herbal tea,canonical,__ENVHARMONIZER_MISSING__,__ENVHARMONIZER_MISSING__,solid,solid,FALSE,solid,solid,amosharmonizer,auto,high,high,TRUE
honey,honey,honey,FOODON:03301024,FOODON:00001178,honey (raw),canonical,__ENVHARMONIZER_MISSING__,__ENVHARMONIZER_MISSING__,solid,solid,FALSE,solid,solid,amosharmonizer,auto,high,high,TRUE
human breast milk,human milk,human milk,FOODON:03303918,FOODON:00001958,human milk (raw),alias,Breast milk is the milk produced by the breasts (or mammary glands) of a human female.,__ENVHARMONIZER_MISSING__,liquid,liquid,TRUE,aqueous,aqueous,amosharmonizer,auto,high,high,TRUE
human urine,urine,urine,AMH:0000034,AMH:0000028,urine,alias,Urine used as an analytical matrix.,__ENVHARMONIZER_MISSING__,liquid,liquid,TRUE,aqueous,aqueous,amosharmonizer,auto,high,high,TRUE
indoor air,indoor air,indoor air,AMH:0000033,ENVO:00002005,indoor air,canonical,Air within an enclosed building or structure used as an analytical matrix.,ENVO:00002005,gas,gas,FALSE,air,air,amosharmonizer,auto,high,high,TRUE
infant formula,infant formula,infant formula,FOODON:03303130,FOODON:03306448,infant formula,canonical,__ENVHARMONIZER_MISSING__,__ENVHARMONIZER_MISSING__,solid,solid,FALSE,solid,solid,amosharmonizer,auto,high,high,TRUE
jet fuel,fuel,fuel,AMH:0000038,AMH:0000006,fuel,alias,A refined petroleum or biofuel liquid used as an analytical matrix.,__ENVHARMONIZER_MISSING__,liquid,liquid,FALSE,__ENVHARMONIZER_MISSING__,__ENVHARMONIZER_MISSING__,amosharmonizer,auto,high,high,TRUE
juice,juice,juice,FOODON:03315552,FOODON:03301977,juice beverage,canonical,__ENVHARMONIZER_MISSING__,__ENVHARMONIZER_MISSING__,liquid,liquid,TRUE,aqueous,aqueous,amosharmonizer,auto,high,high,TRUE
kidney,kidney,kidney,AMH:0000036,AMH:0000031,kidney,canonical,Kidney tissue used as an analytical matrix.,__ENVHARMONIZER_MISSING__,solid,solid,FALSE,solid,solid,amosharmonizer,auto,high,high,TRUE
kidney tissue,kidney,kidney,AMH:0000036,AMH:0000031,kidney,alias,Kidney tissue used as an analytical matrix.,__ENVHARMONIZER_MISSING__,solid,solid,FALSE,solid,solid,amosharmonizer,auto,high,high,TRUE
lake,lake water,lake water,AMH:0000029,ENVO:00002011,lake water,alias,Fresh water collected from a lake.,ENVO:00002011,liquid,liquid,TRUE,aqueous,aqueous,amosharmonizer,auto,high,high,TRUE
lake water,lake water,lake water,AMH:0000029,ENVO:00002011,lake water,canonical,Fresh water collected from a lake.,ENVO:00002011,liquid,liquid,TRUE,aqueous,aqueous,amosharmonizer,auto,high,high,TRUE
leachate,leachate,leachate,AMH:0000003,ENVO:00002006,leachate,canonical,A liquid that has percolated through or drained from another material.,ENVO:00002006,liquid,liquid,TRUE,aqueous,aqueous,amosharmonizer,auto,high,high,TRUE
lettuce,lettuce,lettuce,FOODON:00003423,FOODON:00001998,lettuce leaf,canonical,A rosette leaf of a lettuce plant (Lactuca sativa).,__ENVHARMONIZER_MISSING__,solid,solid,FALSE,solid,solid,amosharmonizer,auto,high,high,TRUE
liquor,liquor,liquor,FOODON:00001817,FOODON:00001579,alcoholic beverage (distilled),canonical,"An alcoholic drink produced by distillation of grains, fruit, or vegetables that have already gone through alcoholic fermentation. True distillation involves heating and cooling to seperate alcohol from the solution via evaporation and condensation.",__ENVHARMONIZER_MISSING__,liquid,liquid,TRUE,aqueous,aqueous,amosharmonizer,auto,high,high,TRUE
liver,liver,liver,AMH:0000035,AMH:0000031,liver,canonical,Liver tissue used as an analytical matrix.,__ENVHARMONIZER_MISSING__,solid,solid,FALSE,solid,solid,amosharmonizer,auto,high,high,TRUE
liver tissue,liver,liver,AMH:0000035,AMH:0000031,liver,alias,Liver tissue used as an analytical matrix.,__ENVHARMONIZER_MISSING__,solid,solid,FALSE,solid,solid,amosharmonizer,auto,high,high,TRUE
maize,corn,corn,FOODON:00003562,FOODON:00001849,field corn kernel,alias,A seed of a field corn plant (Zea mays).,__ENVHARMONIZER_MISSING__,solid,solid,FALSE,solid,solid,amosharmonizer,auto,high,high,TRUE
marijuana,cannabis,cannabis,AMH:0000043,ENVO:00010483,cannabis,alias,Cannabis plant material used as an analytical matrix.,__ENVHARMONIZER_MISSING__,solid,solid,FALSE,solid,solid,amosharmonizer,auto,high,high,TRUE
marine,marine water,marine water,ENVO:00002149,ENVO:00002010,sea water,alias,Water which has physicochemical properties that have been determined by the processes occuring in a sea or ocean.,ENVO:00002149,liquid,liquid,TRUE,aqueous,aqueous,amosharmonizer,auto,high,high,TRUE
marine sediment,marine sediment,marine sediment,AMH:0000005,ENVO:00002007,marine sediment,canonical,Sediment collected from a marine environment.,ENVO:00002007,solid,solid,FALSE,solid,solid,amosharmonizer,auto,high,high,TRUE
marine water,marine water,marine water,ENVO:00002149,ENVO:00002010,sea water,canonical,Water which has physicochemical properties that have been determined by the processes occuring in a sea or ocean.,ENVO:00002149,liquid,liquid,TRUE,aqueous,aqueous,amosharmonizer,auto,high,high,TRUE
meat,meat,meat,FOODON:03306429,FOODON:03311126,meat (raw),canonical,__ENVHARMONIZER_MISSING__,__ENVHARMONIZER_MISSING__,solid,solid,FALSE,solid,solid,amosharmonizer,auto,high,high,TRUE
methanol,methanol,methanol,AMH:0000010,AMH:0000006,methanol,canonical,Methanol used as an analytical matrix or vehicle.,__ENVHARMONIZER_MISSING__,liquid,liquid,FALSE,__ENVHARMONIZER_MISSING__,__ENVHARMONIZER_MISSING__,amosharmonizer,auto,high,high,TRUE
milk,milk,milk,FOODON:03307455,FOODON:02020891,cow milk (raw),canonical,Raw cow milk.,__ENVHARMONIZER_MISSING__,liquid,liquid,TRUE,aqueous,aqueous,amosharmonizer,auto,high,high,TRUE
milk powder,powdered milk,powdered milk,FOODON:00002174,FOODON:00001091,powdered milk food product,alias,__ENVHARMONIZER_MISSING__,__ENVHARMONIZER_MISSING__,solid,solid,FALSE,solid,solid,amosharmonizer,auto,high,high,TRUE
millet,millet,millet,FOODON:03309702,FOODON:00001758,millet seed (dried),canonical,__ENVHARMONIZER_MISSING__,__ENVHARMONIZER_MISSING__,solid,solid,FALSE,solid,solid,amosharmonizer,auto,high,high,TRUE
milli q water,milli-q water,milli-q water,AMH:0000019,ENVO:00002006,milli-q water,alias,Ultrapure laboratory water described by the reported Milli-Q designation.,ENVO:00002006,liquid,liquid,TRUE,aqueous,aqueous,amosharmonizer,auto,high,high,TRUE
milli-q water,milli-q water,milli-q water,AMH:0000019,ENVO:00002006,milli-q water,canonical,Ultrapure laboratory water described by the reported Milli-Q designation.,ENVO:00002006,liquid,liquid,TRUE,aqueous,aqueous,amosharmonizer,auto,high,high,TRUE
miso,miso,miso,FOODON:00003208,FOODON:00001070,miso,canonical,"A traditional Japanese seasoning produced by fermenting soybeans with salt and kōji (the fungus Aspergillus oryzae) and sometimes rice, barley, seaweed or other ingredients.",__ENVHARMONIZER_MISSING__,solid,solid,FALSE,solid,solid,amosharmonizer,auto,high,high,TRUE
mud,mud,mud,AMH:0000015,ENVO:00002007,mud,canonical,A naturally mixed water and fine mineral or organic solid material treated as one matrix.,ENVO:00002007,solid,solid,FALSE,solid,solid,amosharmonizer,auto,high,high,TRUE
muscle,muscle,muscle,AMH:0000037,AMH:0000031,muscle,canonical,Muscle tissue used as an analytical matrix.,__ENVHARMONIZER_MISSING__,solid,solid,FALSE,solid,solid,amosharmonizer,auto,high,high,TRUE
muscle tissue,muscle,muscle,AMH:0000037,AMH:0000031,muscle,alias,Muscle tissue used as an analytical matrix.,__ENVHARMONIZER_MISSING__,solid,solid,FALSE,solid,solid,amosharmonizer,auto,high,high,TRUE
muscle tissues,muscle,muscle,AMH:0000037,AMH:0000031,muscle,alias,Muscle tissue used as an analytical matrix.,__ENVHARMONIZER_MISSING__,solid,solid,FALSE,solid,solid,amosharmonizer,auto,high,high,TRUE
mushrooms,mushroom,mushroom,FOODON:00003528,FOODON:00002434,mushroom fruitbody,alias,A fruitbody of a fungi.,__ENVHARMONIZER_MISSING__,solid,solid,FALSE,solid,solid,amosharmonizer,auto,high,high,TRUE
mussels,mussel,mussel,FOODON:03301706,FOODON:00002051,mussel (raw),alias,__ENVHARMONIZER_MISSING__,__ENVHARMONIZER_MISSING__,solid,solid,FALSE,solid,solid,amosharmonizer,auto,high,high,TRUE
natural gas,vapor,vapor,AMH:0000024,ENVO:00010483,vapor,alias,A gas-phase analytical matrix reported as vapor.,__ENVHARMONIZER_MISSING__,gas,gas,FALSE,air,air,amosharmonizer,auto,high,high,TRUE
nuts,nut,nut,FOODON:03303171,FOODON:03306632,nut,alias,A whole nut with or without its shell.,__ENVHARMONIZER_MISSING__,solid,solid,FALSE,solid,solid,amosharmonizer,auto,high,high,TRUE
oat milk,oat milk,oat milk,FOODON:00004515,FOODON:00001189,oat milk,canonical,A beverage made from procesed oats.,__ENVHARMONIZER_MISSING__,liquid,liquid,TRUE,aqueous,aqueous,amosharmonizer,auto,high,high,TRUE
oats,oat,oat,FOODON:00003429,FOODON:00001189,oat,alias,A caryopsis fruit of an oat plant (Avena sativa).,__ENVHARMONIZER_MISSING__,solid,solid,FALSE,solid,solid,amosharmonizer,auto,high,high,TRUE
oil,oil,oil,AMH:0000030,AMH:0000006,oil,canonical,An oil reported without enough evidence for a more specific material term.,__ENVHARMONIZER_MISSING__,liquid,liquid,FALSE,__ENVHARMONIZER_MISSING__,__ENVHARMONIZER_MISSING__,amosharmonizer,auto,high,high,TRUE
olive oil,olive oil,olive oil,AMH:0000012,AMH:0000006,olive oil,canonical,Olive oil used as an analytical matrix or vehicle.,__ENVHARMONIZER_MISSING__,liquid,liquid,FALSE,__ENVHARMONIZER_MISSING__,__ENVHARMONIZER_MISSING__,amosharmonizer,auto,high,high,TRUE
onions,onion,onion,FOODON:03316347,FOODON:00002069,onion,alias,A bulb of an onion plant (Allium cepa).,__ENVHARMONIZER_MISSING__,solid,solid,FALSE,solid,solid,amosharmonizer,auto,high,high,TRUE
oranges,orange,orange,FOODON:03315106,FOODON:00002071,orange,alias,A hesperidium fruit of an orange tree (Citrus sinensis).,__ENVHARMONIZER_MISSING__,solid,solid,FALSE,solid,solid,amosharmonizer,auto,high,high,TRUE
oysters,shellfish,shellfish,FOODON:03308628,FOODON:03315468,shellfish (raw),alias,__ENVHARMONIZER_MISSING__,__ENVHARMONIZER_MISSING__,solid,solid,FALSE,solid,solid,amosharmonizer,auto,high,high,TRUE
parsley,parsley,parsley,FOODON:03000230,FOODON:00002084,parsley (whole or pieces),canonical,A whole or processed parsley.,__ENVHARMONIZER_MISSING__,solid,solid,FALSE,solid,solid,amosharmonizer,auto,high,high,TRUE
particulate matter,particulate matter,particulate matter,AMH:0000022,ENVO:00010483,particulate matter,canonical,Particulate material analyzed as a solid fraction.,__ENVHARMONIZER_MISSING__,solid,solid,FALSE,solid,solid,amosharmonizer,auto,high,high,TRUE
peanut butter,peanut butter,peanut butter,FOODON:03306867,FOODON:00003205,peanut butter,canonical,"A food paste or spread made from ground, dry-roasted peanuts.",__ENVHARMONIZER_MISSING__,solid,solid,FALSE,solid,solid,amosharmonizer,auto,high,high,TRUE
peanut flour,peanut flour,peanut flour,FOODON:00005586,FOODON:00002099,peanut flour,canonical,"A flour made from crushed, fully or partly defatted peanuts.",__ENVHARMONIZER_MISSING__,solid,solid,FALSE,solid,solid,amosharmonizer,auto,high,high,TRUE
peanut oil,peanut oil,peanut oil,FOODON:03309857,FOODON:00002098,peanut oil,canonical,A mild-tasting vegetable oil derived from peanuts.,__ENVHARMONIZER_MISSING__,liquid,liquid,FALSE,__ENVHARMONIZER_MISSING__,__ENVHARMONIZER_MISSING__,amosharmonizer,auto,high,high,TRUE
peanuts,peanut,peanut,FOODON:00003206,FOODON:00002099,peanut,alias,A seed of a peanut plant (Arachis hypogaea).,__ENVHARMONIZER_MISSING__,solid,solid,FALSE,solid,solid,amosharmonizer,auto,high,high,TRUE
pears,pear,pear,FOODON:00003041,FOODON:00002488,pear,alias,A pome fruit of a pear tree.,__ENVHARMONIZER_MISSING__,solid,solid,FALSE,solid,solid,amosharmonizer,auto,high,high,TRUE
petrol,gasoline,gasoline,AMH:0000014,AMH:0000006,gasoline,alias,A petroleum-derived fuel used as an analytical matrix.,__ENVHARMONIZER_MISSING__,liquid,liquid,FALSE,__ENVHARMONIZER_MISSING__,__ENVHARMONIZER_MISSING__,amosharmonizer,auto,high,high,TRUE
petroleum products,oil,oil,AMH:0000030,AMH:0000006,oil,alias,An oil reported without enough evidence for a more specific material term.,__ENVHARMONIZER_MISSING__,liquid,liquid,FALSE,__ENVHARMONIZER_MISSING__,__ENVHARMONIZER_MISSING__,amosharmonizer,auto,high,high,TRUE
plasma,plasma,plasma,AMH:0000001,ENVO:02000020,plasma,canonical,Blood plasma used as an analytical matrix.,ENVO:02000020,liquid,liquid,TRUE,aqueous,aqueous,amosharmonizer,auto,high,high,TRUE
plastic,polymeric material,polymeric material,AMH:0000042,ENVO:00010483,polymeric material,alias,A polymer or plastic material used as an analytical matrix.,__ENVHARMONIZER_MISSING__,solid,solid,FALSE,solid,solid,amosharmonizer,auto,high,high,TRUE
plastics,polymeric material,polymeric material,AMH:0000042,ENVO:00010483,polymeric material,alias,A polymer or plastic material used as an analytical matrix.,__ENVHARMONIZER_MISSING__,solid,solid,FALSE,solid,solid,amosharmonizer,auto,high,high,TRUE
polymers,polymeric material,polymeric material,AMH:0000042,ENVO:00010483,polymeric material,alias,A polymer or plastic material used as an analytical matrix.,__ENVHARMONIZER_MISSING__,solid,solid,FALSE,solid,solid,amosharmonizer,auto,high,high,TRUE
polystyrene,polymeric material,polymeric material,AMH:0000042,ENVO:00010483,polymeric material,alias,A polymer or plastic material used as an analytical matrix.,__ENVHARMONIZER_MISSING__,solid,solid,FALSE,solid,solid,amosharmonizer,auto,high,high,TRUE
pork,pork,pork,FOODON:00001038,FOODON:00002663,pork meat food product,canonical,A food product made from domestic pig meat (Sus domesticus or Sus scrofa scrofa).,__ENVHARMONIZER_MISSING__,solid,solid,FALSE,solid,solid,amosharmonizer,auto,high,high,TRUE
potato,potato,potato,FOODON:03315354,FOODON:00001148,potato,canonical,A shoot axis tuber of a potato plant (Solanum tuberosum).,__ENVHARMONIZER_MISSING__,solid,solid,FALSE,solid,solid,amosharmonizer,auto,high,high,TRUE
potato chips,potato chip,potato chip,FOODON:03301833,FOODON:03316034,potato chip,alias,__ENVHARMONIZER_MISSING__,__ENVHARMONIZER_MISSING__,solid,solid,FALSE,solid,solid,amosharmonizer,auto,high,high,TRUE
potato flour,potato flour,potato flour,FOODON:03302378,FOODON:00002796,potato flour,canonical,__ENVHARMONIZER_MISSING__,__ENVHARMONIZER_MISSING__,solid,solid,FALSE,solid,solid,amosharmonizer,auto,high,high,TRUE
powdered milk,powdered milk,powdered milk,FOODON:00002174,FOODON:00001091,powdered milk food product,canonical,__ENVHARMONIZER_MISSING__,__ENVHARMONIZER_MISSING__,solid,solid,FALSE,solid,solid,amosharmonizer,auto,high,high,TRUE
propylene glycol,propylene glycol,propylene glycol,AMH:0000013,AMH:0000006,propylene glycol,canonical,Propylene glycol used as an analytical matrix or vehicle.,__ENVHARMONIZER_MISSING__,liquid,liquid,FALSE,__ENVHARMONIZER_MISSING__,__ENVHARMONIZER_MISSING__,amosharmonizer,auto,high,high,TRUE
pumpkin,pumpkin,pumpkin,FOODON:00003486,FOODON:00002180,pumpkin,canonical,An orange-yellow pepo fruit of a pumpkin plant.,__ENVHARMONIZER_MISSING__,solid,solid,FALSE,solid,solid,amosharmonizer,auto,high,high,TRUE
pyrolysis oils,oil,oil,AMH:0000030,AMH:0000006,oil,alias,An oil reported without enough evidence for a more specific material term.,__ENVHARMONIZER_MISSING__,liquid,liquid,FALSE,__ENVHARMONIZER_MISSING__,__ENVHARMONIZER_MISSING__,amosharmonizer,auto,high,high,TRUE
red cabbage,red cabbage,red cabbage,FOODON:03304685,FOODON:00002922,red cabbage head (raw),canonical,__ENVHARMONIZER_MISSING__,__ENVHARMONIZER_MISSING__,solid,solid,FALSE,solid,solid,amosharmonizer,auto,high,high,TRUE
red wine,red wine,red wine,FOODON:03310272,FOODON:03301014,red wine,canonical,A type of wine made from dark-colored grape varieties.,__ENVHARMONIZER_MISSING__,liquid,liquid,TRUE,aqueous,aqueous,amosharmonizer,auto,high,high,TRUE
rice,rice,rice,FOODON:00004327,FOODON:03301641,rice,canonical,An aggregate of rice kernels.,__ENVHARMONIZER_MISSING__,solid,solid,FALSE,solid,solid,amosharmonizer,auto,high,high,TRUE
rice bran,rice bran,rice bran,FOODON:03306185,FOODON:00001185,rice bran,canonical,__ENVHARMONIZER_MISSING__,__ENVHARMONIZER_MISSING__,solid,solid,FALSE,solid,solid,amosharmonizer,auto,high,high,TRUE
rice husk,rice husk,rice husk,FOODON:00004330,FOODON:00001185,rice husk,canonical,A husk of a rice kernel.,__ENVHARMONIZER_MISSING__,solid,solid,FALSE,solid,solid,amosharmonizer,auto,high,high,TRUE
rice powder,rice powder,rice powder,FOODON:03309871,FOODON:00002207,rice powder,canonical,Rice milled to a powdery consistency.,__ENVHARMONIZER_MISSING__,solid,solid,FALSE,solid,solid,amosharmonizer,auto,high,high,TRUE
rice wine,rice wine,rice wine,FOODON:03307312,FOODON:00002203,rice wine,canonical,__ENVHARMONIZER_MISSING__,__ENVHARMONIZER_MISSING__,liquid,liquid,TRUE,aqueous,aqueous,amosharmonizer,auto,high,high,TRUE
rubber,polymeric material,polymeric material,AMH:0000042,ENVO:00010483,polymeric material,alias,A polymer or plastic material used as an analytical matrix.,__ENVHARMONIZER_MISSING__,solid,solid,FALSE,solid,solid,amosharmonizer,auto,high,high,TRUE
runoff,runoff,runoff,AMH:0000020,ENVO:00002042,runoff,canonical,Water flowing over land after precipitation or release.,ENVO:00002042,liquid,liquid,TRUE,aqueous,aqueous,amosharmonizer,auto,high,high,TRUE
sake,sake,sake,FOODON:03301670,FOODON:00001918,sake,canonical,__ENVHARMONIZER_MISSING__,__ENVHARMONIZER_MISSING__,liquid,liquid,TRUE,aqueous,aqueous,amosharmonizer,auto,high,high,TRUE
saliva,biological fluid,biological fluid,AMH:0000028,ENVO:02000020,biological fluid,alias,A water-based fluid derived from an organism and used as an analytical matrix.,ENVO:02000020,liquid,liquid,TRUE,aqueous,aqueous,amosharmonizer,auto,high,high,TRUE
salmon,salmon,salmon,FOODON:00003473,FOODON:00002220,salmon,canonical,__ENVHARMONIZER_MISSING__,__ENVHARMONIZER_MISSING__,solid,solid,FALSE,solid,solid,amosharmonizer,auto,high,high,TRUE
salt water,saltwater,saltwater,ENVO:00002149,ENVO:00002010,sea water,alias,Water which has physicochemical properties that have been determined by the processes occuring in a sea or ocean.,ENVO:00002149,liquid,liquid,TRUE,aqueous,aqueous,amosharmonizer,auto,high,high,TRUE
saltwater,saltwater,saltwater,ENVO:00002149,ENVO:00002010,sea water,canonical,Water which has physicochemical properties that have been determined by the processes occuring in a sea or ocean.,ENVO:00002149,liquid,liquid,TRUE,aqueous,aqueous,amosharmonizer,auto,high,high,TRUE
sauerkraut,sauerkraut,sauerkraut,FOODON:03301397,FOODON:00001024,sauerkraut,canonical,__ENVHARMONIZER_MISSING__,__ENVHARMONIZER_MISSING__,solid,solid,FALSE,solid,solid,amosharmonizer,auto,high,high,TRUE
sausage,sausage,sausage,FOODON:03315904,FOODON:00001007,meat sausage,canonical,A food product that is highly seasoned minced meat and is encased in a skin in the shape of a cylinder.,__ENVHARMONIZER_MISSING__,solid,solid,FALSE,solid,solid,amosharmonizer,auto,high,high,TRUE
sea water,seawater,seawater,ENVO:00002149,ENVO:00002010,sea water,alias,Water which has physicochemical properties that have been determined by the processes occuring in a sea or ocean.,ENVO:00002149,liquid,liquid,TRUE,aqueous,aqueous,amosharmonizer,auto,high,high,TRUE
seawater,seawater,seawater,ENVO:00002149,ENVO:00002010,sea water,canonical,Water which has physicochemical properties that have been determined by the processes occuring in a sea or ocean.,ENVO:00002149,liquid,liquid,TRUE,aqueous,aqueous,amosharmonizer,auto,high,high,TRUE
sediment,sediment,sediment,ENVO:00002007,ENVO:01000060,sediment,canonical,Particulate environmental material which is formed as a result of the transport and deposition of particles by flowing liquid.,ENVO:00002007,solid,solid,FALSE,solid,solid,amosharmonizer,auto,high,high,TRUE
serum,serum,serum,AMH:0000002,ENVO:02000020,serum,canonical,Blood serum used as an analytical matrix.,ENVO:02000020,liquid,liquid,TRUE,aqueous,aqueous,amosharmonizer,auto,high,high,TRUE
sesame butter,sesame butter,sesame butter,FOODON:00004525,FOODON:00002232,sesame butter,canonical,A seed butter made from roasted unhulled or hulled sesame seeds.,__ENVHARMONIZER_MISSING__,solid,solid,FALSE,solid,solid,amosharmonizer,auto,high,high,TRUE
shellfish,shellfish,shellfish,FOODON:03308628,FOODON:03315468,shellfish (raw),canonical,__ENVHARMONIZER_MISSING__,__ENVHARMONIZER_MISSING__,solid,solid,FALSE,solid,solid,amosharmonizer,auto,high,high,TRUE
sherry,sherry,sherry,FOODON:03310760,FOODON:00001948,sherry,canonical,__ENVHARMONIZER_MISSING__,__ENVHARMONIZER_MISSING__,liquid,liquid,TRUE,aqueous,aqueous,amosharmonizer,auto,high,high,TRUE
shrimp,shrimp,shrimp,FOODON:03411237,AMH:0000032,shrimp,canonical,A whole shrimp.,__ENVHARMONIZER_MISSING__,solid,solid,FALSE,solid,solid,amosharmonizer,auto,high,high,TRUE
skim milk,skim milk,skim milk,FOODON:03301484,FOODON:00001771,skim milk food product,canonical,"Skimmed milk (British English), or skim milk (American English), is made when all the milkfat is removed from whole milk. It tends to contain around 0.1% fat.",__ENVHARMONIZER_MISSING__,liquid,liquid,TRUE,aqueous,aqueous,amosharmonizer,auto,high,high,TRUE
sludge,sludge,sludge,ENVO:00002044,ENVO:0010001,sludge,canonical,"The residual semi-solid material left from domestic or industrial processes, or wastewater treatment processes.",ENVO:00002044,solid,solid,FALSE,solid,solid,amosharmonizer,auto,high,high,TRUE
sludges,sludge,sludge,ENVO:00002044,ENVO:0010001,sludge,alias,"The residual semi-solid material left from domestic or industrial processes, or wastewater treatment processes.",ENVO:00002044,solid,solid,FALSE,solid,solid,amosharmonizer,auto,high,high,TRUE
soda,soft drink,soft drink,FOODON:03310815,FOODON:00002339,soft drink,alias,__ENVHARMONIZER_MISSING__,__ENVHARMONIZER_MISSING__,liquid,liquid,TRUE,aqueous,aqueous,amosharmonizer,auto,high,high,TRUE
soft drinks,soft drink,soft drink,FOODON:03310815,FOODON:00002339,soft drink,alias,__ENVHARMONIZER_MISSING__,__ENVHARMONIZER_MISSING__,liquid,liquid,TRUE,aqueous,aqueous,amosharmonizer,auto,high,high,TRUE
soil,soil,soil,ENVO:00001998,ENVO:00010483,soil,canonical,"An environmental material which is primarily composed of minerals, varying proportions of sand, silt, and clay, organic material such as humus, interstitial gases, liquids, and a broad range of resident micro- and macroorganisms.",ENVO:00001998,solid,solid,FALSE,solid,solid,amosharmonizer,auto,high,high,TRUE
solid,solid,solid,AMH:0000026,ENVO:00010483,solid analytical matrix,canonical,A source matrix reported only as solid without further material identity.,__ENVHARMONIZER_MISSING__,solid,solid,FALSE,solid,solid,amosharmonizer,auto,high,high,TRUE
solid waste,solid,solid,AMH:0000026,ENVO:00010483,solid analytical matrix,alias,A source matrix reported only as solid without further material identity.,__ENVHARMONIZER_MISSING__,solid,solid,FALSE,solid,solid,amosharmonizer,auto,high,high,TRUE
soy flour,soy flour,soy flour,FOODON:03302142,FOODON:00002265,soybean flour,canonical,A flour made from soybeans.,__ENVHARMONIZER_MISSING__,solid,solid,FALSE,solid,solid,amosharmonizer,auto,high,high,TRUE
soy milk,soy milk,soy milk,FOODON:03305289,FOODON:03302389,soybean milk,canonical,__ENVHARMONIZER_MISSING__,__ENVHARMONIZER_MISSING__,liquid,liquid,TRUE,aqueous,aqueous,amosharmonizer,auto,high,high,TRUE
soy sauce,soy sauce,soy sauce,FOODON:00001235,FOODON:00001078,soy sauce food product,canonical,A condiment with soy sauce as a defining ingredient.,__ENVHARMONIZER_MISSING__,liquid,liquid,TRUE,aqueous,aqueous,amosharmonizer,auto,high,high,TRUE
soybean flour,soy flour,soy flour,FOODON:03302142,FOODON:00002265,soybean flour,alias,A flour made from soybeans.,__ENVHARMONIZER_MISSING__,solid,solid,FALSE,solid,solid,amosharmonizer,auto,high,high,TRUE
soybean oil,soybean oil,soybean oil,FOODON:03302776,FOODON:00001173,soybean oil,canonical,__ENVHARMONIZER_MISSING__,__ENVHARMONIZER_MISSING__,liquid,liquid,FALSE,__ENVHARMONIZER_MISSING__,__ENVHARMONIZER_MISSING__,amosharmonizer,auto,high,high,TRUE
soybean paste,soybean paste,soybean paste,FOODON:03310002,FOODON:03304996,soybean paste,canonical,__ENVHARMONIZER_MISSING__,__ENVHARMONIZER_MISSING__,solid,solid,FALSE,solid,solid,amosharmonizer,auto,high,high,TRUE
sparkling wine,sparkling wine,sparkling wine,FOODON:03310759,FOODON:00001999,sparkling wine,canonical,__ENVHARMONIZER_MISSING__,__ENVHARMONIZER_MISSING__,liquid,liquid,TRUE,aqueous,aqueous,amosharmonizer,auto,high,high,TRUE
spices,spice,spice,FOODON:03306052,FOODON:03303380,spice,alias,"A seed, fruit, root, bark, or other plant substance that is primarily used for flavouring or colouring food.",__ENVHARMONIZER_MISSING__,solid,solid,FALSE,solid,solid,amosharmonizer,auto,high,high,TRUE
spinach,spinach,spinach,FOODON:03000221,FOODON:00002269,spinach (whole or pieces),canonical,Whole spinach or some substance made from processed spinach.,__ENVHARMONIZER_MISSING__,solid,solid,FALSE,solid,solid,amosharmonizer,auto,high,high,TRUE
stack gas emissions,vapor,vapor,AMH:0000024,ENVO:00010483,vapor,alias,A gas-phase analytical matrix reported as vapor.,__ENVHARMONIZER_MISSING__,gas,gas,FALSE,air,air,amosharmonizer,auto,high,high,TRUE
stormwater runoff,runoff,runoff,AMH:0000020,ENVO:00002042,runoff,alias,Water flowing over land after precipitation or release.,ENVO:00002042,liquid,liquid,TRUE,aqueous,aqueous,amosharmonizer,auto,high,high,TRUE
strawberries,strawberry,strawberry,FOODON:00003443,FOODON:00002282,strawberry,alias,An aggregate fruit of strawberry plant  (Fragaria x ananassa).,__ENVHARMONIZER_MISSING__,solid,solid,FALSE,solid,solid,amosharmonizer,auto,high,high,TRUE
sugar,sugar,sugar,FOODON:03420157,FOODON:00001083,white sugar,canonical,"White sugar is highly refined crystalline sugar, mostly sucrose, that appears white in color.  White sugar is commonly used in North America and Europe, made either of beet sugar or cane sugar, that has undergone a refining process which removes molasses.",__ENVHARMONIZER_MISSING__,solid,solid,FALSE,solid,solid,amosharmonizer,auto,high,high,TRUE
surface water,surface water,surface water,ENVO:00002042,ENVO:00002006,surface water,canonical,Water that is found on the surface of an astronomical object.,ENVO:00002042,liquid,liquid,TRUE,aqueous,aqueous,amosharmonizer,auto,high,high,TRUE
surfacewater,surface water,surface water,ENVO:00002042,ENVO:00002006,surface water,alias,Water that is found on the surface of an astronomical object.,ENVO:00002042,liquid,liquid,TRUE,aqueous,aqueous,amosharmonizer,auto,high,high,TRUE
suspended solids,suspended solids,suspended solids,AMH:0000021,ENVO:00010483,suspended solids,canonical,Solid particles retained as the analyzed fraction of a suspension.,__ENVHARMONIZER_MISSING__,solid,solid,FALSE,solid,solid,amosharmonizer,auto,high,high,TRUE
tallow,tallow,tallow,FOODON:03315521,FOODON:03310719,tallow (edible),canonical,"Tallow is a rendered form of beef or mutton fat, and is primarily made up of triglycerides. It is solid at room temperature.",__ENVHARMONIZER_MISSING__,solid,solid,FALSE,solid,solid,amosharmonizer,auto,high,high,TRUE
tap water,tap water,tap water,ENVO:00003064,ENVO:00002011,drinking water,canonical,Drinking water is water which may be consumed by humans with no adverse effects on their health.,ENVO:00003064,liquid,liquid,TRUE,aqueous,aqueous,amosharmonizer,auto,high,high,TRUE
tapioca flour,tapioca flour,tapioca flour,FOODON:03310681,FOODON:00001692,tapioca flour,canonical,__ENVHARMONIZER_MISSING__,__ENVHARMONIZER_MISSING__,solid,solid,FALSE,solid,solid,amosharmonizer,auto,high,high,TRUE
tea,tea,tea,FOODON:03315081,FOODON:00001138,tea food product,canonical,"An aromatic beverage commonly prepared by pouring hot or boiling water over cured leaves of the Camellia sinensis, an evergreen shrub (bush) native to East Asia.",__ENVHARMONIZER_MISSING__,solid,solid,FALSE,solid,solid,amosharmonizer,auto,high,high,TRUE
tea leaves,tea leaf,tea leaf,FOODON:03307867,FOODON:03315081,tea leaf,alias,__ENVHARMONIZER_MISSING__,__ENVHARMONIZER_MISSING__,solid,solid,FALSE,solid,solid,amosharmonizer,auto,high,high,TRUE
tequila,tequila,tequila,FOODON:03304704,FOODON:00001103,tequila,canonical,__ENVHARMONIZER_MISSING__,__ENVHARMONIZER_MISSING__,liquid,liquid,TRUE,aqueous,aqueous,amosharmonizer,auto,high,high,TRUE
textile,textile,textile,AMH:0000044,ENVO:00010483,textile,canonical,A textile or fabric product analyzed for its chemical content.,__ENVHARMONIZER_MISSING__,solid,solid,FALSE,solid,solid,amosharmonizer,auto,high,high,TRUE
textiles,textile,textile,AMH:0000044,ENVO:00010483,textile,alias,A textile or fabric product analyzed for its chemical content.,__ENVHARMONIZER_MISSING__,solid,solid,FALSE,solid,solid,amosharmonizer,auto,high,high,TRUE
thyme,thyme,thyme,FOODON:00002312,FOODON:00003042,thyme food product,canonical,__ENVHARMONIZER_MISSING__,__ENVHARMONIZER_MISSING__,solid,solid,FALSE,solid,solid,amosharmonizer,auto,high,high,TRUE
tissue,tissue,tissue,AMH:0000031,AMH:0000050,tissue,canonical,Animal or plant tissue used as an analytical matrix.,__ENVHARMONIZER_MISSING__,solid,solid,FALSE,solid,solid,amosharmonizer,auto,high,high,TRUE
tissues,tissue,tissue,AMH:0000031,AMH:0000050,tissue,alias,Animal or plant tissue used as an analytical matrix.,__ENVHARMONIZER_MISSING__,solid,solid,FALSE,solid,solid,amosharmonizer,auto,high,high,TRUE
toast,toast,toast,FOODON:03306255,FOODON:00002351,toast,canonical,__ENVHARMONIZER_MISSING__,__ENVHARMONIZER_MISSING__,solid,solid,FALSE,solid,solid,amosharmonizer,auto,high,high,TRUE
tofu,tofu,tofu,FOODON:00004697,FOODON:03309664,tofu,canonical,"A food product that is prepared by coagulating soy milk and then pressing the resulting curds into solid white blocks of varying softness: silken, soft, firm, extra firm.",__ENVHARMONIZER_MISSING__,solid,solid,FALSE,solid,solid,amosharmonizer,auto,high,high,TRUE
tomatoes,tomato,tomato,FOODON:03301453,FOODON:00001164,tomato,alias,A berry fruit of a tomato plant (Solanum lycopersicum).,__ENVHARMONIZER_MISSING__,solid,solid,FALSE,solid,solid,amosharmonizer,auto,high,high,TRUE
transformer oil,oil,oil,AMH:0000030,AMH:0000006,oil,alias,An oil reported without enough evidence for a more specific material term.,__ENVHARMONIZER_MISSING__,liquid,liquid,FALSE,__ENVHARMONIZER_MISSING__,__ENVHARMONIZER_MISSING__,amosharmonizer,auto,high,high,TRUE
tumeric,turmeric,turmeric,FOODON:00003753,FOODON:00002323,turmeric root,alias,A root of a turmeric plant (Curcuma longa),__ENVHARMONIZER_MISSING__,solid,solid,FALSE,solid,solid,amosharmonizer,auto,high,high,TRUE
turkey liver,turkey liver,turkey liver,FOODON:00002730,FOODON:00001286,turkey liver,canonical,A whole animal liver that is obtained from a turkey.,__ENVHARMONIZER_MISSING__,solid,solid,FALSE,solid,solid,amosharmonizer,auto,high,high,TRUE
turmeric,turmeric,turmeric,FOODON:00003753,FOODON:00002323,turmeric root,canonical,A root of a turmeric plant (Curcuma longa),__ENVHARMONIZER_MISSING__,solid,solid,FALSE,solid,solid,amosharmonizer,auto,high,high,TRUE
urine,urine,urine,AMH:0000034,AMH:0000028,urine,canonical,Urine used as an analytical matrix.,__ENVHARMONIZER_MISSING__,liquid,liquid,TRUE,aqueous,aqueous,amosharmonizer,auto,high,high,TRUE
vapor,vapor,vapor,AMH:0000024,ENVO:00010483,vapor,canonical,A gas-phase analytical matrix reported as vapor.,__ENVHARMONIZER_MISSING__,gas,gas,FALSE,air,air,amosharmonizer,auto,high,high,TRUE
vapour,vapor,vapor,AMH:0000024,ENVO:00010483,vapor,alias,A gas-phase analytical matrix reported as vapor.,__ENVHARMONIZER_MISSING__,gas,gas,FALSE,air,air,amosharmonizer,auto,high,high,TRUE
vegetable,vegetables,vegetables,FOODON:00003816,FOODON:03315308,vegetable,alias,An anatomical part of a plant that is consumed by humans or other animals as food.,__ENVHARMONIZER_MISSING__,solid,solid,FALSE,solid,solid,amosharmonizer,auto,high,high,TRUE
vegetable oil,vegetable oil,vegetable oil,FOODON:03305263,FOODON:00001087,vegetable oil,canonical,__ENVHARMONIZER_MISSING__,__ENVHARMONIZER_MISSING__,liquid,liquid,FALSE,__ENVHARMONIZER_MISSING__,__ENVHARMONIZER_MISSING__,amosharmonizer,auto,high,high,TRUE
vegetables,vegetables,vegetables,FOODON:00003816,FOODON:03315308,vegetable,canonical,An anatomical part of a plant that is consumed by humans or other animals as food.,__ENVHARMONIZER_MISSING__,solid,solid,FALSE,solid,solid,amosharmonizer,auto,high,high,TRUE
vehicle,vehicle,vehicle,AMH:0000027,AMH:0000006,vehicle,canonical,A formulation vehicle reported as the analytical matrix.,__ENVHARMONIZER_MISSING__,liquid,liquid,FALSE,__ENVHARMONIZER_MISSING__,__ENVHARMONIZER_MISSING__,amosharmonizer,auto,high,high,TRUE
waste water,wastewater,wastewater,ENVO:00002001,ENVO:00002186,waste water,alias,Water that has been adversely affected in quality by anthropogenic influence.,ENVO:00002001,liquid,liquid,TRUE,aqueous,aqueous,amosharmonizer,auto,high,high,TRUE
wastewater,wastewater,wastewater,ENVO:00002001,ENVO:00002186,waste water,canonical,Water that has been adversely affected in quality by anthropogenic influence.,ENVO:00002001,liquid,liquid,TRUE,aqueous,aqueous,amosharmonizer,auto,high,high,TRUE
water,water,water,ENVO:00002006,ENVO:01000815,liquid water,canonical,An environmental material primarily composed of dihydrogen oxide in its liquid form.,ENVO:00002006,liquid,liquid,TRUE,aqueous,aqueous,amosharmonizer,auto,high,high,TRUE
wheat,wheat,wheat,FOODON:03315184,FOODON:03307448,whole wheat kernel,canonical,A caryopsis fruit of a whole wheat wheat plant.,__ENVHARMONIZER_MISSING__,solid,solid,FALSE,solid,solid,amosharmonizer,auto,high,high,TRUE
wheat flour,wheat flour,wheat flour,FOODON:03302340,FOODON:00001210,whole wheat flour,canonical,__ENVHARMONIZER_MISSING__,__ENVHARMONIZER_MISSING__,solid,solid,FALSE,solid,solid,amosharmonizer,auto,high,high,TRUE
whiskey,whiskey,whiskey,FOODON:03302775,FOODON:00001918,whiskey,canonical,__ENVHARMONIZER_MISSING__,__ENVHARMONIZER_MISSING__,liquid,liquid,TRUE,aqueous,aqueous,amosharmonizer,auto,high,high,TRUE
white corn flour,white corn flour,white corn flour,FOODON:03310833,FOODON:03302500,white corn flour,canonical,__ENVHARMONIZER_MISSING__,__ENVHARMONIZER_MISSING__,solid,solid,FALSE,solid,solid,amosharmonizer,auto,high,high,TRUE
white rice,white rice,white rice,FOODON:00003787,FOODON:03420102,white rice,canonical,__ENVHARMONIZER_MISSING__,__ENVHARMONIZER_MISSING__,solid,solid,FALSE,solid,solid,amosharmonizer,auto,high,high,TRUE
white wine,white wine,white wine,FOODON:03310273,FOODON:03301014,white wine,canonical,A wine that is fermented with little or no grape skin contact.,__ENVHARMONIZER_MISSING__,liquid,liquid,TRUE,aqueous,aqueous,amosharmonizer,auto,high,high,TRUE
whole blood,blood,blood,ENVO:02000020,ENVO:02000019,blood material,alias,"A bodily fluid material which is composed primarily of blood, a bodily fluid composed of blood plasma and blood cells suspended within the plasma that circulates around the organism's body. Blood performs may important functions including the supplying of oxygen and nutrients, removal of waste, circulation of white blood cells, detection of antibodes, coagulation, transportation of antibodies and the regulation of pH and body temperature.",ENVO:02000020,liquid,liquid,TRUE,aqueous,aqueous,amosharmonizer,auto,high,high,TRUE
wine,wine,wine,FOODON:03301014,FOODON:00001095,grape wine,canonical,An alcoholic drink made from fermented grapes.,__ENVHARMONIZER_MISSING__,liquid,liquid,TRUE,aqueous,aqueous,amosharmonizer,auto,high,high,TRUE
workplace air,indoor air,indoor air,AMH:0000033,ENVO:00002005,indoor air,alias,Air within an enclosed building or structure used as an analytical matrix.,ENVO:00002005,gas,gas,FALSE,air,air,amosharmonizer,auto,high,high,TRUE
yogurt,yogurt,yogurt,FOODON:03301502,FOODON:00001014,yogurt (plain),canonical,__ENVHARMONIZER_MISSING__,__ENVHARMONIZER_MISSING__,solid,solid,FALSE,solid,solid,amosharmonizer,auto,high,high,TRUE
